"","document","topic","gamma"
"1","1",1,8.46931040615571e-05
"2","2",1,6.81976575081736e-05
"3","3",1,3.9623956024237e-05
"4","4",1,4.41677308913654e-05
"5","5",1,4.73781183677839e-05
"6","6",1,3.19216028588191e-05
"7","7",1,4.50123689793625e-05
"8","8",1,3.13546344379959e-05
"9","9",1,4.33542075038735e-05
"10","10",1,4.12038982053459e-05
"11","11",1,6.0851455143593e-05
"12","12",1,6.6905329908382e-05
"13","13",1,2.84683097138128e-05
"14","14",1,4.15269855189852e-05
"15","15",1,4.04563489876065e-05
"16","16",1,4.53011398975444e-05
"17","17",1,3.22128463593505e-05
"18","18",1,3.21639372769929e-05
"19","19",1,3.87186829230677e-05
"20","20",1,3.51528179169462e-05
"21","21",1,5.22254076369357e-05
"22","22",1,3.71241406391375e-05
"23","23",1,3.96239560256375e-05
"24","24",1,2.86802917816421e-05
"25","25",1,2.85450305561123e-05
"26","26",1,4.17726457316981e-05
"27","27",1,2.84683097121502e-05
"28","28",1,2.73474046476979e-05
"29","29",1,2.12877739711631e-05
"30","30",1,2.13413887013687e-05
"31","31",1,2.06245563759248e-05
"32","32",1,2.71720169216373e-05
"33","33",1,1.67181656828257e-05
"34","34",1,2.0010861976373e-05
"35","35",1,1.49697089441599e-05
"36","36",1,1.13823719082519e-05
"37","37",1,1.04194375399359e-05
"38","38",1,1.24310216170611e-05
"39","39",1,1.36352158196482e-05
"40","40",1,1.2795176412111e-05
"41","41",1,8.75689451533978e-06
"42","42",1,6.11790996465151e-06
"43","43",1,1.30313039295311e-05
"44","44",1,1.18902776131857e-05
"45","45",1,1.17811698756787e-05
"46","46",1,6.96470676502433e-06
"47","47",1,8.68865320294857e-06
"48","48",1,0.00752936348261619
"49","49",1,7.96803765292404e-06
"50","50",1,7.8601268341555e-06
"51","51",1,6.82117980032255e-06
"52","52",1,9.93796749389549e-06
"53","53",1,1.11752152234297e-05
"54","54",1,1.08295830194068e-05
"55","55",1,1.14904151832378e-05
"56","56",1,9.80004406422792e-06
"57","57",1,5.68145869204509e-06
"58","58",1,5.05148415336719e-06
"59","59",1,5.64587506679307e-06
"60","60",1,4.31260030864359e-06
"61","61",1,0.0368629755343483
"62","62",1,0.0339873663642506
"63","63",1,0.020060837577899
"64","64",1,9.21394943005627e-06
"65","65",1,0.0027842519195191
"66","66",1,8.60395908770883e-06
"67","67",1,7.70293156328994e-06
"68","68",1,0.0179596724857115
"69","69",1,6.66662266295104e-06
"70","70",1,5.56138986267099e-06
"71","71",1,7.39504308922761e-06
"72","72",1,6.52393336939051e-06
"73","73",1,0.0419634877765484
"74","74",1,1.07308393797183e-05
"75","75",1,0.0304476224266484
"76","76",1,0.0296971515747528
"77","77",1,1.00083953527933e-05
"78","78",1,1.2420089256536e-05
"79","79",1,7.50242156293568e-06
"80","80",1,8.9172416136356e-06
"81","81",1,0.11285480633992
"82","82",1,0.146280441548113
"83","83",1,0.0658197174432554
"84","84",1,0.143350666651328
"85","85",1,0.16510151334374
"86","86",1,0.0904481057099919
"87","87",1,0.0414170644695312
"88","88",1,0.114729247367085
"89","89",1,0.188528087775313
"90","90",1,0.165850596178114
"91","91",1,0.232714252834519
"92","92",1,0.290404508626666
"93","93",1,0.26018897906282
"94","94",1,0.258103550144325
"95","95",1,0.278576668102165
"96","96",1,0.373625852989112
"97","97",1,0.215748749918963
"98","98",1,0.319083149178571
"99","99",1,0.5674843440995
"100","100",1,0.295167057999161
"101","101",1,0.422137052984071
"102","102",1,0.580876165721601
"103","103",1,0.447130429703263
"104","104",1,0.733095178205312
"105","105",1,0.422019991969497
"106","106",1,0.345359146963054
"107","107",1,0.164659016168968
"108","108",1,0.31588589607002
"109","109",1,0.156913886614035
"110","110",1,0.215718618437684
"111","111",1,0.494034890447414
"112","112",1,0.303414282493375
"113","113",1,4.51962159203366e-06
"114","114",1,9.15027120294373e-06
"115","115",1,0.123834293670142
"116","116",1,0.0508547043584215
"117","117",1,0.0627392525768305
"118","118",1,3.75129520994983e-06
"119","119",1,0.153232159250885
"120","120",1,4.52444805396964e-06
"121","121",1,0.902985395404447
"122","122",1,0.953048873459122
"123","123",1,0.942073005946974
"124","124",1,0.880170723653644
"125","125",1,2.64593101558209e-05
"126","126",1,2.11601911275885e-05
"127","127",1,0.0651098401848487
"128","128",1,0.384562593870723
"129","129",1,2.46003647575248e-05
"130","130",1,1.72560876150243e-05
"131","131",1,0.224002062191255
"132","132",1,0.277330124553007
"133","133",1,0.558592813358292
"134","134",1,0.606945596221435
"135","135",1,0.764790467034533
"136","136",1,0.833229757632089
"137","137",1,0.799651446073128
"138","138",1,0.810994249263566
"139","139",1,0.887553497298056
"140","140",1,0.859049343841274
"141","141",1,0.853936943732872
"142","142",1,0.818807052925106
"143","143",1,0.755789295333213
"144","144",1,0.660855628051328
"145","145",1,0.117804964036544
"146","146",1,0.0410460754415537
"147","147",1,2.36395493094993e-05
"148","148",1,0.0225301847332422
"149","149",1,1.84509544206684e-05
"150","150",1,2.23902695241241e-05
"151","151",1,2.7241901360346e-05
"152","152",1,2.64098305060971e-05
"153","153",1,2.56115907194657e-05
"154","154",1,1.9648927091004e-05
"155","155",1,2.33015172126561e-05
"156","156",1,2.81467950708556e-05
"157","157",1,1.03938762345021e-05
"158","158",1,0.29160876549933
"159","159",1,0.13339885719694
"160","160",1,1.62376213098462e-05
"161","161",1,2.43319335764648e-05
"162","162",1,1.68377589176264e-05
"163","163",1,2.18026450418081e-05
"164","164",1,1.62189734822185e-05
"165","165",1,0.0302202244118291
"166","166",1,8.92287562634607e-06
"167","167",1,0.129608538581081
"168","168",1,0.0924111384791452
"169","169",1,0.045289427593564
"170","170",1,0.0920280138754138
"171","171",1,1.95311741572412e-05
"172","172",1,1.63820252463281e-05
"173","173",1,1.61386587247583e-05
"174","174",1,1.41924535664686e-05
"175","175",1,1.5506639757194e-05
"176","176",1,0.0128316482512464
"177","177",1,1.25600026335708e-05
"178","178",1,1.54500927013654e-05
"179","179",1,2.63441447973261e-05
"180","180",1,1.95042005534139e-05
"181","181",1,1.57663095674401e-05
"182","182",1,1.21703498817263e-05
"183","183",1,0.0390158804316648
"184","184",1,0.0685147777898264
"185","185",1,2.00867593711741e-05
"186","186",1,1.97865725478106e-05
"187","187",1,2.25331668190604e-05
"188","188",1,4.71109575399879e-06
"189","189",1,1.75782627364236e-05
"190","190",1,3.49824064307726e-06
"191","191",1,1.95944036420884e-05
"192","192",1,1.62127670547254e-05
"193","193",1,1.79430412812403e-05
"194","194",1,1.85478838486794e-05
"195","195",1,6.11702667320265e-06
"196","196",1,2.49627200926512e-05
"197","197",1,3.53324856409588e-06
"198","198",1,2.40966758557163e-05
"199","199",1,2.27696581879409e-06
"200","200",1,0.0120027510849067
"201","201",1,2.23764196679989e-06
"202","202",1,1.5884530841257e-05
"203","203",1,1.48490385496824e-05
"204","204",1,1.62065653757862e-05
"205","205",1,1.84108655099833e-05
"206","206",1,2.28122146889961e-05
"207","207",1,2.22491732199044e-05
"208","208",1,0.00512837501150256
"209","209",1,1.72070298805129e-05
"210","210",1,2.21213881433046e-05
"211","211",1,2.11390758515125e-05
"212","212",1,1.67445949099965e-05
"213","213",1,1.25674538678622e-05
"214","214",1,1.12493951254291e-05
"215","215",1,9.61107951955739e-06
"216","216",1,1.32059615543996e-05
"217","217",1,1.20355176716028e-05
"218","218",1,1.10527712050595e-05
"219","219",1,1.07199789047697e-05
"220","220",1,8.94737217252381e-06
"221","221",1,1.82995377278885e-05
"222","222",1,2.03569951058116e-05
"223","223",1,1.49380410297502e-05
"224","224",1,1.51897527340663e-05
"225","225",1,1.58015907638415e-05
"226","226",1,1.51246829388969e-05
"227","227",1,1.48282507076807e-05
"228","228",1,1.38809151661895e-05
"229","229",1,1.41026953087594e-05
"230","230",1,1.1403817709525e-05
"231","231",1,1.20082282141373e-05
"232","232",1,1.13154928523954e-05
"233","233",1,1.1565695232305e-05
"234","234",1,1.12404415817027e-05
"235","235",1,1.1913681994067e-05
"236","236",1,1.36660024883132e-05
"237","1",2,8.46931040610349e-05
"238","2",2,6.81976575056614e-05
"239","3",2,3.96239560174068e-05
"240","4",2,4.41677308846562e-05
"241","5",2,4.73781183601172e-05
"242","6",2,3.19216028604721e-05
"243","7",2,4.50123689842906e-05
"244","8",2,3.13546344333962e-05
"245","9",2,4.33542075007812e-05
"246","10",2,4.12038982005383e-05
"247","11",2,6.08514551353897e-05
"248","12",2,6.69053298974182e-05
"249","13",2,2.84683097142498e-05
"250","14",2,4.15269855153517e-05
"251","15",2,4.0456348987361e-05
"252","16",2,4.53011398888592e-05
"253","17",2,3.22128463609235e-05
"254","18",2,3.21639372748346e-05
"255","19",2,3.87186829230786e-05
"256","20",2,3.51528179167065e-05
"257","21",2,5.22254076288454e-05
"258","22",2,3.71241406308689e-05
"259","23",2,3.9623956018269e-05
"260","24",2,2.86802917822112e-05
"261","25",2,2.85450305612508e-05
"262","26",2,4.1772645738144e-05
"263","27",2,2.846830970771e-05
"264","28",2,2.73474046437955e-05
"265","29",2,2.12877739682907e-05
"266","30",2,2.13413886989804e-05
"267","31",2,2.06245563729708e-05
"268","32",2,2.71720169178427e-05
"269","33",2,1.671816567704e-05
"270","34",2,2.00108619734056e-05
"271","35",2,1.49697089408173e-05
"272","36",2,1.13823719066178e-05
"273","37",2,1.04194375388363e-05
"274","38",2,1.24310216151615e-05
"275","39",2,1.36352158173237e-05
"276","40",2,1.27951764098565e-05
"277","41",2,8.75689451507759e-06
"278","42",2,6.117909965825e-06
"279","43",2,1.30313039256475e-05
"280","44",2,1.1890277609594e-05
"281","45",2,1.17811698716856e-05
"282","46",2,6.9647067667718e-06
"283","47",2,8.688653202957e-06
"284","48",2,7.53712253081074e-06
"285","49",2,7.96803765246222e-06
"286","50",2,7.86012683266763e-06
"287","51",2,6.82117980128512e-06
"288","52",2,9.93796749305484e-06
"289","53",2,1.11752152211049e-05
"290","54",2,1.08295830193041e-05
"291","55",2,1.14904151821758e-05
"292","56",2,9.80004406337824e-06
"293","57",2,5.68145868993346e-06
"294","58",2,5.05148415337885e-06
"295","59",2,5.64587506720114e-06
"296","60",2,4.31260030714206e-06
"297","61",2,1.20904703866976e-05
"298","62",2,1.10068287117965e-05
"299","63",2,6.9384732929457e-06
"300","64",2,9.21394943029442e-06
"301","65",2,9.29684406575519e-06
"302","66",2,8.6039590871931e-06
"303","67",2,7.70293156302134e-06
"304","68",2,8.5987204943768e-06
"305","69",2,6.6666226642447e-06
"306","70",2,5.56138986353233e-06
"307","71",2,7.39504309065421e-06
"308","72",2,6.52393336924387e-06
"309","73",2,1.29003661258106e-05
"310","74",2,0.0292928818047
"311","75",2,1.44145687069049e-05
"312","76",2,1.4911753270816e-05
"313","77",2,1.00083953528159e-05
"314","78",2,1.24200892531031e-05
"315","79",2,7.50242156504217e-06
"316","80",2,8.91724161411148e-06
"317","81",2,1.17910059467734e-05
"318","82",2,1.01595921078135e-05
"319","83",2,1.3745810328564e-05
"320","84",2,8.87800185996136e-06
"321","85",2,8.86129034337934e-06
"322","86",2,9.18199991422406e-06
"323","87",2,7.338682867373e-06
"324","88",2,1.33980631982503e-05
"325","89",2,8.26492015727031e-06
"326","90",2,1.12255506386419e-05
"327","91",2,7.62118085515296e-06
"328","92",2,6.57149235526097e-06
"329","93",2,6.62181907199385e-06
"330","94",2,8.6197132319026e-06
"331","95",2,1.0507294318241e-05
"332","96",2,9.77517231333196e-06
"333","97",2,4.45920936136163e-06
"334","98",2,5.82518918212045e-06
"335","99",2,1.68578576714506e-05
"336","100",2,6.69083715719674e-06
"337","101",2,6.91582169297269e-06
"338","102",2,7.68616252892832e-06
"339","103",2,5.60109173490526e-06
"340","104",2,6.69824173812876e-06
"341","105",2,7.04695448295003e-06
"342","106",2,5.48649145541337e-06
"343","107",2,5.93618785356048e-06
"344","108",2,5.64061347891834e-06
"345","109",2,7.29320498491068e-06
"346","110",2,4.24391494240248e-06
"347","111",2,3.80827987494807e-06
"348","112",2,4.52348193579783e-06
"349","113",2,4.51962158913211e-06
"350","114",2,9.15027120258353e-06
"351","115",2,5.81719112301926e-06
"352","116",2,5.02512208306117e-06
"353","117",2,3.55042144783752e-06
"354","118",2,3.75129520878605e-06
"355","119",2,3.23093574200309e-06
"356","120",2,4.52444805029265e-06
"357","121",2,6.32996751965702e-06
"358","122",2,3.20599823869609e-06
"359","123",2,3.69309125638807e-06
"360","124",2,3.42638177748621e-06
"361","125",2,2.64593101551596e-05
"362","126",2,0.0428841719772739
"363","127",2,1.162599514834e-05
"364","128",2,4.24421769263653e-05
"365","129",2,2.46003647601022e-05
"366","130",2,1.72560876150219e-05
"367","131",2,1.82837435712558e-05
"368","132",2,3.29391200139689e-05
"369","133",2,1.54163619960126e-05
"370","134",2,1.44934647196236e-05
"371","135",2,1.28145263704745e-05
"372","136",2,1.25562803281533e-05
"373","137",2,8.1661537868115e-06
"374","138",2,8.57609344771525e-06
"375","139",2,9.83873215361798e-06
"376","140",2,1.04425504457038e-05
"377","141",2,7.82962324740677e-06
"378","142",2,1.85154610767522e-05
"379","143",2,1.44637777118531e-05
"380","144",2,2.01536434394088e-05
"381","145",2,3.81263633644185e-05
"382","146",2,2.4041980740775e-05
"383","147",2,0.106600297554824
"384","148",2,3.09650659072721e-05
"385","149",2,1.84509544208109e-05
"386","150",2,0.0885498749503805
"387","151",2,0.160744730363385
"388","152",2,0.153624861275493
"389","153",2,0.230993575725928
"390","154",2,0.213530323934477
"391","155",2,0.112753928007814
"392","156",2,0.108414518310532
"393","157",2,0.0253091606209592
"394","158",2,2.92875274763174e-06
"395","159",2,1.36483931049556e-05
"396","160",2,1.62376213099699e-05
"397","161",2,2.43319335756062e-05
"398","162",2,0.0537815975741971
"399","163",2,0.199475440694481
"400","164",2,0.267979874509857
"401","165",2,1.15941801886851e-05
"402","166",2,0.135125373602144
"403","167",2,1.30917038684883e-05
"404","168",2,1.04890852514381e-05
"405","169",2,0.115202151264869
"406","170",2,9.47777906479478e-06
"407","171",2,1.95311741562234e-05
"408","172",2,0.0392917834147347
"409","173",2,1.61386587276558e-05
"410","174",2,1.4192453566089e-05
"411","175",2,0.0789120367641993
"412","176",2,1.21042870677368e-05
"413","177",2,0.114938222201713
"414","178",2,0.204911410253225
"415","179",2,0.417808202057209
"416","180",2,0.526772250809915
"417","181",2,0.524519481964854
"418","182",2,0.539254469862721
"419","183",2,0.550438598632699
"420","184",2,0.526885566881988
"421","185",2,0.578134519317018
"422","186",2,0.713873749032656
"423","187",2,0.49037386786886
"424","188",2,0.0947947208880214
"425","189",2,0.505166202116854
"426","190",2,3.49824064709759e-06
"427","191",2,0.147450961981637
"428","192",2,0.551754297513119
"429","193",2,0.211387228386984
"430","194",2,0.449107676360073
"431","195",2,6.11702667003274e-06
"432","196",2,0.339147429504695
"433","197",2,3.53324856302887e-06
"434","198",2,0.259594107941775
"435","199",2,2.27696581911817e-06
"436","200",2,0.46390566658758
"437","201",2,2.23764196763185e-06
"438","202",2,0.656354619241704
"439","203",2,0.637189074664382
"440","204",2,0.854217477019914
"441","205",2,0.864067164652847
"442","206",2,0.999885938926552
"443","207",2,0.938664019781341
"444","208",2,0.928751090898161
"445","209",2,0.852863505965396
"446","210",2,0.999889393059283
"447","211",2,0.838774961620153
"448","212",2,0.981147971336579
"449","213",2,0.947277927461769
"450","214",2,0.99994375302437
"451","215",2,0.999951944602401
"452","216",2,0.999933970192229
"453","217",2,0.999939822411639
"454","218",2,0.999944736143974
"455","219",2,0.999946400105477
"456","220",2,0.999955263139135
"457","221",2,0.972735487358829
"458","222",2,0.999898215024469
"459","223",2,0.937393278001419
"460","224",2,0.99992405123633
"461","225",2,0.989063313209415
"462","226",2,0.999924376585305
"463","227",2,0.999925858746462
"464","228",2,0.968221597168429
"465","229",2,0.999929486523455
"466","230",2,0.999942980911454
"467","231",2,0.999939958858928
"468","232",2,0.999943422535736
"469","233",2,0.999942171523837
"470","234",2,0.999943797792091
"471","235",2,0.999940431590027
"472","236",2,0.999931669987554
"473","1",3,8.46931040570409e-05
"474","2",3,6.81976575054481e-05
"475","3",3,3.96239560188773e-05
"476","4",3,4.41677308877669e-05
"477","5",3,4.73781183618146e-05
"478","6",3,3.19216028587886e-05
"479","7",3,4.50123689832281e-05
"480","8",3,3.13546344338669e-05
"481","9",3,4.33542074999243e-05
"482","10",3,4.12038982023791e-05
"483","11",3,6.08514551351219e-05
"484","12",3,6.69053299036665e-05
"485","13",3,2.84683097133821e-05
"486","14",3,4.15269855153219e-05
"487","15",3,4.04563489845835e-05
"488","16",3,4.53011398913987e-05
"489","17",3,3.22128463615291e-05
"490","18",3,3.21639372772045e-05
"491","19",3,3.87186829215478e-05
"492","20",3,3.51528179163853e-05
"493","21",3,5.22254076353859e-05
"494","22",3,3.71241406389245e-05
"495","23",3,3.96239560206222e-05
"496","24",3,2.86802917819558e-05
"497","25",3,2.85450305590863e-05
"498","26",3,4.17726457334994e-05
"499","27",3,2.84683097136481e-05
"500","28",3,2.73474046451854e-05
"501","29",3,2.1287773968692e-05
"502","30",3,2.13413886994789e-05
"503","31",3,2.06245563733209e-05
"504","32",3,2.71720169184364e-05
"505","33",3,1.67181656780499e-05
"506","34",3,2.00108619743529e-05
"507","35",3,1.49697089420035e-05
"508","36",3,1.1382371906278e-05
"509","37",3,1.04194375391162e-05
"510","38",3,1.2431021614498e-05
"511","39",3,1.36352158170829e-05
"512","40",3,1.27951764103876e-05
"513","41",3,8.75689451529929e-06
"514","42",3,6.11790996595392e-06
"515","43",3,1.30313039256979e-05
"516","44",3,1.18902776111002e-05
"517","45",3,1.1781169872463e-05
"518","46",3,6.96470676563847e-06
"519","47",3,8.68865320201069e-06
"520","48",3,7.53712253105422e-06
"521","49",3,7.9680376528326e-06
"522","50",3,7.86012683341548e-06
"523","51",3,6.82117980080533e-06
"524","52",3,9.93796749491013e-06
"525","53",3,1.11752152209344e-05
"526","54",3,1.08295830197578e-05
"527","55",3,1.14904151818706e-05
"528","56",3,9.8000440642992e-06
"529","57",3,5.68145869047021e-06
"530","58",3,5.05148415341777e-06
"531","59",3,5.645875067039e-06
"532","60",3,4.31260030750431e-06
"533","61",3,1.20904703873215e-05
"534","62",3,1.10068287104493e-05
"535","63",3,6.93847329279538e-06
"536","64",3,9.21394942983437e-06
"537","65",3,9.29684406657129e-06
"538","66",3,8.60395908766657e-06
"539","67",3,7.70293156359146e-06
"540","68",3,8.59872049521476e-06
"541","69",3,6.66662266434293e-06
"542","70",3,5.56138986318213e-06
"543","71",3,7.39504308971425e-06
"544","72",3,6.52393336964744e-06
"545","73",3,1.29003661237629e-05
"546","74",3,1.07308393792992e-05
"547","75",3,1.44145687068705e-05
"548","76",3,1.49117532707749e-05
"549","77",3,1.00083953524654e-05
"550","78",3,1.24200892537568e-05
"551","79",3,7.50242156377721e-06
"552","80",3,8.91724161447177e-06
"553","81",3,1.17910059468377e-05
"554","82",3,1.01595921077981e-05
"555","83",3,1.37458103282799e-05
"556","84",3,8.87800186024148e-06
"557","85",3,8.8612903425355e-06
"558","86",3,9.18199991381071e-06
"559","87",3,7.33868286774699e-06
"560","88",3,1.3398063198184e-05
"561","89",3,8.26492015866715e-06
"562","90",3,1.12255506395938e-05
"563","91",3,7.62118085572789e-06
"564","92",3,6.57149235575798e-06
"565","93",3,6.62181907201173e-06
"566","94",3,8.6197132331444e-06
"567","95",3,1.05072943191275e-05
"568","96",3,9.77517231393399e-06
"569","97",3,4.45920936215108e-06
"570","98",3,5.8251891822618e-06
"571","99",3,1.68578576700112e-05
"572","100",3,6.69083715798489e-06
"573","101",3,6.91582169226253e-06
"574","102",3,7.68616252907288e-06
"575","103",3,5.60109173472984e-06
"576","104",3,6.69824173826833e-06
"577","105",3,7.04695448356188e-06
"578","106",3,5.48649145527407e-06
"579","107",3,5.93618785343692e-06
"580","108",3,5.64061347868346e-06
"581","109",3,7.29320498501017e-06
"582","110",3,4.24391494298573e-06
"583","111",3,3.80827987461854e-06
"584","112",3,4.5234819351081e-06
"585","113",3,4.51962158977439e-06
"586","114",3,9.15027120234302e-06
"587","115",3,5.81719112325756e-06
"588","116",3,5.0251220833928e-06
"589","117",3,3.55042144875843e-06
"590","118",3,3.75129520888443e-06
"591","119",3,3.23093574226457e-06
"592","120",3,4.52444805178272e-06
"593","121",3,6.32996751882442e-06
"594","122",3,3.20599824001528e-06
"595","123",3,3.69309125672688e-06
"596","124",3,3.42638177971604e-06
"597","125",3,0.0200772636976222
"598","126",3,2.11601911283663e-05
"599","127",3,0.0562914366563271
"600","128",3,4.24421769342727e-05
"601","129",3,2.46003647615215e-05
"602","130",3,0.0489632313503614
"603","131",3,0.103398620081472
"604","132",3,0.0717224876247363
"605","133",3,0.0918395036075194
"606","134",3,0.102789396262977
"607","135",3,0.0893811028632924
"608","136",3,0.151384926018983
"609","137",3,0.0864053254406043
"610","138",3,0.078363970249645
"611","139",3,0.0758227001485055
"612","140",3,0.108235339181507
"613","141",3,0.14603173777414
"614","142",3,0.181118885230583
"615","143",3,0.244152849555938
"616","144",3,0.339063757374913
"617","145",3,0.297053934150208
"618","146",3,0.390050648167476
"619","147",3,0.172769377831998
"620","148",3,0.453972922164135
"621","149",3,0.332359765231241
"622","150",3,0.528392028843461
"623","151",3,0.194124597959486
"624","152",3,0.271870944717757
"625","153",3,0.202629788947929
"626","154",3,0.383852677030149
"627","155",3,0.263659913878856
"628","156",3,0.363947873764556
"629","157",3,0.490449174993482
"630","158",3,0.708379519489682
"631","159",3,0.710703355750386
"632","160",3,0.850441096003486
"633","161",3,0.818068635958876
"634","162",3,0.760416991118733
"635","163",3,0.645973265177456
"636","164",3,0.589315009109125
"637","165",3,0.671682780928303
"638","166",3,0.642692096332269
"639","167",3,0.837983654443564
"640","168",3,0.883833792249789
"641","169",3,0.839249686981069
"642","170",3,0.8759706911122
"643","171",3,0.771804603741394
"644","172",3,0.818942809719886
"645","173",3,0.841860688472735
"646","174",3,0.768621673652771
"647","175",3,0.81966042811644
"648","176",3,0.987119934600492
"649","177",3,0.830387686888873
"650","178",3,0.71935115609594
"651","179",3,0.542399432610983
"652","180",3,0.384460814602304
"653","181",3,0.325417326922102
"654","182",3,0.388342315803034
"655","183",3,0.400431481448901
"656","184",3,0.352424735145716
"657","185",3,0.421785133645494
"658","186",3,0.286047104677152
"659","187",3,0.509535999463865
"660","188",3,0.905186434728962
"661","189",3,0.494763484832201
"662","190",3,0.999982508796783
"663","191",3,0.852470660403795
"664","192",3,0.448180851418663
"665","193",3,0.733560378564102
"666","194",3,0.550818132104534
"667","195",3,0.999969414866638
"668","196",3,0.660752719614932
"669","197",3,0.999982333757182
"670","198",3,0.740309505354794
"671","199",3,0.999988615170911
"672","200",3,0.524035644816324
"673","201",3,0.999988811790169
"674","202",3,0.343581842634931
"675","203",3,0.36275152918142
"676","204",3,0.145717696718582
"677","205",3,0.135859191885117
"678","206",3,2.28122146900222e-05
"679","207",3,0.0323881438558652
"680","208",3,0.0633845984839807
"681","209",3,0.147067665915085
"682","210",3,2.21213881441053e-05
"683","211",3,0.161140482076439
"684","212",3,0.0187850502837862
"685","213",3,0.0526718027227652
"686","214",3,1.1249395128635e-05
"687","215",3,9.61107952009267e-06
"688","216",3,1.32059615561716e-05
"689","217",3,1.20355176739051e-05
"690","218",3,1.10527712066035e-05
"691","219",3,1.07199789071027e-05
"692","220",3,8.94737217396515e-06
"693","221",3,0.0271913144902634
"694","222",3,2.0356995106164e-05
"695","223",3,0.0291371908950164
"696","224",3,1.51897527339661e-05
"697","225",3,0.0108734804275278
"698","226",3,1.51246829390161e-05
"699","227",3,1.48282507075044e-05
"700","228",3,0.0317228791709057
"701","229",3,1.41026953111514e-05
"702","230",3,1.14038177110742e-05
"703","231",3,1.2008228215874e-05
"704","232",3,1.13154928545494e-05
"705","233",3,1.15656952348576e-05
"706","234",3,1.12404415834509e-05
"707","235",3,1.19136819964836e-05
"708","236",3,1.36660024899606e-05
"709","1",4,0.999576534479689
"710","2",4,0.999659011712468
"711","3",4,0.999801880219893
"712","4",4,0.944835883300372
"713","5",4,0.999763109408176
"714","6",4,0.975502578565377
"715","7",4,0.999774938155091
"716","8",4,0.99984322682782
"717","9",4,0.985698853112197
"718","10",4,0.999793980508979
"719","11",4,0.999695742724299
"720","12",4,0.999665473350472
"721","13",4,0.999857658451428
"722","14",4,0.999792365072418
"723","15",4,0.999797718255068
"724","16",4,0.99977349430053
"725","17",4,0.986590769716353
"726","18",4,0.999839180313618
"727","19",4,0.999806406585384
"728","20",4,0.999824235910411
"729","21",4,0.99973887296182
"730","22",4,0.986054301962481
"731","23",4,0.999801880219886
"732","24",4,0.987538187109091
"733","25",4,0.709626620203444
"734","26",4,0.633951847465576
"735","27",4,0.975851824862755
"736","28",4,0.999863262976772
"737","29",4,0.999893561130146
"738","30",4,0.999893293056495
"739","31",4,0.999896877218125
"740","32",4,0.999864139915402
"741","33",4,0.999916409171599
"742","34",4,0.999899945690123
"743","35",4,0.999925151455286
"744","36",4,0.999943088140463
"745","37",4,0.997960182094595
"746","38",4,0.976712005965266
"747","39",4,0.980493788705336
"748","40",4,0.991334040814812
"749","41",4,0.937238271796864
"750","42",4,0.996207480746978
"751","43",4,0.99993484348036
"752","44",4,0.990801789268567
"753","45",4,0.92924993713995
"754","46",4,0.968315275280864
"755","47",4,0.950609881522889
"756","48",4,0.762623370062066
"757","49",4,0.761479332988067
"758","50",4,0.753914635229009
"759","51",4,0.72965010806626
"760","52",4,0.819165208187334
"761","53",4,0.777400918364808
"762","54",4,0.671292298376801
"763","55",4,0.715729840245376
"764","56",4,0.700636930871654
"765","57",4,0.644790602250978
"766","58",4,0.362330439737939
"767","59",4,0.357974444350932
"768","60",4,0.759134047687091
"769","61",4,0.712727903960536
"770","62",4,0.749103505350816
"771","63",4,0.551417215022204
"772","64",4,0.532167265244981
"773","65",4,0.705588842975906
"774","66",4,0.638744902545367
"775","67",4,0.806612395570567
"776","68",4,0.822163437250479
"777","69",4,0.727104797920205
"778","70",4,0.63943373941286
"779","71",4,0.631574222761078
"780","72",4,0.860365845028789
"781","73",4,0.490430432716153
"782","74",4,0.466323448716794
"783","75",4,0.265140692869201
"784","76",4,0.242623782581055
"785","77",4,0.646471019219812
"786","78",4,0.454152988374009
"787","79",4,0.308696557730469
"788","80",4,0.136888003673909
"789","81",4,0.163672430277866
"790","82",4,0.328908081793703
"791","83",4,0.155047852165528
"792","84",4,8.87800186118406e-06
"793","85",4,8.86129034253823e-06
"794","86",4,0.0188416256050507
"795","87",4,0.0368839757015643
"796","88",4,1.33980632002966e-05
"797","89",4,0.0843612506872897
"798","90",4,1.1225550639216e-05
"799","91",4,0.0428355991290717
"800","92",4,0.00730854709432733
"801","93",4,6.62181906964369e-06
"802","94",4,8.61971323389664e-06
"803","95",4,1.05072943215991e-05
"804","96",4,9.7751723150174e-06
"805","97",4,4.45920936193131e-06
"806","98",4,5.82518918095339e-06
"807","99",4,1.68578576713342e-05
"808","100",4,6.69083715463583e-06
"809","101",4,6.91582169149951e-06
"810","102",4,7.68616252861802e-06
"811","103",4,5.60109173483398e-06
"812","104",4,6.69824173683971e-06
"813","105",4,7.04695448423955e-06
"814","106",4,5.48649145345029e-06
"815","107",4,5.93618785154796e-06
"816","108",4,5.6406134775045e-06
"817","109",4,7.2932049841177e-06
"818","110",4,4.24391494162755e-06
"819","111",4,0.0629879934968991
"820","112",4,4.52348193573129e-06
"821","113",4,4.51962158969548e-06
"822","114",4,9.15027120315654e-06
"823","115",4,5.81719112269775e-06
"824","116",4,5.02512208453296e-06
"825","117",4,3.55042144983843e-06
"826","118",4,3.75129520974747e-06
"827","119",4,3.23093574361414e-06
"828","120",4,4.52444805173754e-06
"829","121",4,0.0638989110276016
"830","122",4,0.00899719225775466
"831","123",4,0.0275734876886155
"832","124",4,0.0533448756107349
"833","125",4,0.0211240951874799
"834","126",4,2.11601911287101e-05
"835","127",4,0.00662297089430424
"836","128",4,0.0886175470537645
"837","129",4,2.46003647598714e-05
"838","130",4,1.72560876145493e-05
"839","131",4,1.82837435716602e-05
"840","132",4,0.0653571031343808
"841","133",4,1.5416361996517e-05
"842","134",4,1.44934647186485e-05
"843","135",4,0.00720888838624716
"844","136",4,1.25562803304578e-05
"845","137",4,0.0245413260121167
"846","138",4,0.0209691223469365
"847","139",4,9.83873215442855e-06
"848","140",4,0.0217682404227412
"849","141",4,7.82962324770224e-06
"850","142",4,1.85154610778214e-05
"851","143",4,1.44637777126187e-05
"852","144",4,2.01536434407111e-05
"853","145",4,3.81263633635286e-05
"854","146",4,2.40419807394104e-05
"855","147",4,2.36395493112753e-05
"856","148",4,3.09650659083562e-05
"857","149",4,1.8450954419295e-05
"858","150",4,2.23902695247119e-05
"859","151",4,2.72419013606393e-05
"860","152",4,2.64098305102354e-05
"861","153",4,2.56115907210357e-05
"862","154",4,1.96489270920995e-05
"863","155",4,2.33015172121338e-05
"864","156",4,2.81467950729148e-05
"865","157",4,1.03938762355484e-05
"866","158",4,2.9287527472097e-06
"867","159",4,0.00952935748805147
"868","160",4,1.62376213091625e-05
"869","161",4,2.43319335764e-05
"870","162",4,1.68377589173949e-05
"871","163",4,2.18026450444959e-05
"872","164",4,1.62189734818244e-05
"873","165",4,0.00971896560848581
"874","166",4,8.92287562743733e-06
"875","167",4,1.30917038675734e-05
"876","168",4,1.04890852510646e-05
"877","169",4,8.62447201662834e-05
"878","170",4,9.47777906289633e-06
"879","171",4,1.95311741576856e-05
"880","172",4,1.63820252462977e-05
"881","173",4,1.61386587251814e-05
"882","174",4,0.0137725556133051
"883","175",4,1.55066397572289e-05
"884","176",4,1.21042870639815e-05
"885","177",4,1.2560002633083e-05
"886","178",4,1.54500927015472e-05
"887","179",4,2.63441447991194e-05
"888","180",4,1.95042005551069e-05
"889","181",4,1.57663095678803e-05
"890","182",4,1.21703498804509e-05
"891","183",4,1.75709726447638e-05
"892","184",4,0.0376362214438828
"893","185",4,2.00867593735071e-05
"894","186",4,1.97865725487765e-05
"895","187",4,2.25331668191003e-05
"896","188",4,4.71109575427703e-06
"897","189",4,1.75782627364069e-05
"898","190",4,3.49824064183031e-06
"899","191",4,1.95944036424004e-05
"900","192",4,1.62127670537345e-05
"901","193",4,0.0524948076673632
"902","194",4,1.85478838483909e-05
"903","195",4,6.11702667302558e-06
"904","196",4,2.49627200934173e-05
"905","197",4,3.53324856332725e-06
"906","198",4,2.40966758591974e-05
"907","199",4,2.27696581726038e-06
"908","200",4,1.86458370630678e-05
"909","201",4,2.23764196569772e-06
"910","202",4,1.58845308409641e-05
"911","203",4,1.48490385495791e-05
"912","204",4,1.62065653760617e-05
"913","205",4,1.84108655084099e-05
"914","206",4,2.28122146895687e-05
"915","207",4,0.0288810888431351
"916","208",4,0.00270234019666605
"917","209",4,1.72070298785684e-05
"918","210",4,2.21213881437687e-05
"919","211",4,2.11390758528629e-05
"920","212",4,1.67445949079605e-05
"921","213",4,1.25674538659718e-05
"922","214",4,1.12493951252991e-05
"923","215",4,9.61107951930496e-06
"924","216",4,1.32059615529351e-05
"925","217",4,1.20355176706976e-05
"926","218",4,1.10527712046724e-05
"927","219",4,1.07199789031056e-05
"928","220",4,8.94737217258773e-06
"929","221",4,1.82995377263409e-05
"930","222",4,2.03569951061787e-05
"931","223",4,0.0113994842562543
"932","224",4,1.5189752734025e-05
"933","225",4,1.58015907646737e-05
"934","226",4,1.51246829387399e-05
"935","227",4,1.48282507077384e-05
"936","228",4,1.38809151664486e-05
"937","229",4,1.41026953084462e-05
"938","230",4,1.1403817708253e-05
"939","231",4,1.20082282136249e-05
"940","232",4,1.13154928518635e-05
"941","233",4,1.15656952316851e-05
"942","234",4,1.12404415808619e-05
"943","235",4,1.19136819934325e-05
"944","236",4,1.36660024893432e-05
"945","1",5,8.46931040650377e-05
"946","2",5,6.81976575053765e-05
"947","3",5,3.96239560232331e-05
"948","4",5,4.41677308919327e-05
"949","5",5,4.7378118366434e-05
"950","6",5,0.0101880395855877
"951","7",5,4.5012368981806e-05
"952","8",5,3.13546344363793e-05
"953","9",5,4.33542075016102e-05
"954","10",5,4.1203898206436e-05
"955","11",5,6.08514551402137e-05
"956","12",5,6.69053299086172e-05
"957","13",5,2.84683097171124e-05
"958","14",5,4.15269855173481e-05
"959","15",5,4.04563489859424e-05
"960","16",5,4.53011398950213e-05
"961","17",5,0.0132803788982051
"962","18",5,3.21639372775388e-05
"963","19",5,3.8718682924177e-05
"964","20",5,3.51528179186582e-05
"965","21",5,5.22254076330656e-05
"966","22",5,3.71241406353534e-05
"967","23",5,3.96239560231125e-05
"968","24",5,2.8680291785005e-05
"969","25",5,2.85450305629508e-05
"970","26",5,0.0712962661605523
"971","27",5,2.84683097124248e-05
"972","28",5,2.73474046445833e-05
"973","29",5,2.1287773971005e-05
"974","30",5,2.13413887006813e-05
"975","31",5,2.06245563754466e-05
"976","32",5,2.71720169191126e-05
"977","33",5,1.67181656803759e-05
"978","34",5,2.00108619760568e-05
"979","35",5,1.49697089422603e-05
"980","36",5,1.13823719073126e-05
"981","37",5,1.0419437540677e-05
"982","38",5,1.24310216157913e-05
"983","39",5,1.36352158183188e-05
"984","40",5,1.27951764110138e-05
"985","41",5,0.0061163556295874
"986","42",5,6.1179099652144e-06
"987","43",5,1.30313039284986e-05
"988","44",5,1.18902776117438e-05
"989","45",5,1.17811698729917e-05
"990","46",5,6.96470676543238e-06
"991","47",5,8.68865320257717e-06
"992","48",5,7.53712253122532e-06
"993","49",5,7.9680376533951e-06
"994","50",5,7.8601268331016e-06
"995","51",5,6.82117980133375e-06
"996","52",5,9.93796749502764e-06
"997","53",5,0.00508100729291588
"998","54",5,1.0829583020591e-05
"999","55",5,1.14904151832831e-05
"1000","56",5,9.80004406401229e-06
"1001","57",5,5.68145869086209e-06
"1002","58",5,5.05148415327509e-06
"1003","59",5,5.64587506688669e-06
"1004","60",5,4.31260030942267e-06
"1005","61",5,1.20904703892489e-05
"1006","62",5,1.10068287127517e-05
"1007","63",5,6.93847329238745e-06
"1008","64",5,9.21394943103096e-06
"1009","65",5,9.29684406640894e-06
"1010","66",5,8.60395908727609e-06
"1011","67",5,7.70293156405441e-06
"1012","68",5,0.0357629627603566
"1013","69",5,6.66662266383237e-06
"1014","70",5,5.56138986205508e-06
"1015","71",5,7.39504309111505e-06
"1016","72",5,6.52393337011683e-06
"1017","73",5,0.0928433011313579
"1018","74",5,0.0745838257886599
"1019","75",5,1.44145687088674e-05
"1020","76",5,0.0187720052863802
"1021","77",5,0.184673495858699
"1022","78",5,1.24200892551389e-05
"1023","79",5,0.168362017634684
"1024","80",5,0.0112405078515834
"1025","81",5,1.179100594848e-05
"1026","82",5,0.0101110660017042
"1027","83",5,0.045334978356033
"1028","84",5,8.87800186000438e-06
"1029","85",5,8.86129034221167e-06
"1030","86",5,0.0418337091524241
"1031","87",5,0.0993849639417969
"1032","88",5,1.33980631995071e-05
"1033","89",5,8.264920158407e-06
"1034","90",5,1.1225550639365e-05
"1035","91",5,7.62118085620232e-06
"1036","92",5,6.57149235348263e-06
"1037","93",5,6.62181907196649e-06
"1038","94",5,8.61971323320304e-06
"1039","95",5,1.05072943211209e-05
"1040","96",5,9.77517231439879e-06
"1041","97",5,0.0377190854995762
"1042","98",5,5.82518918171403e-06
"1043","99",5,1.68578576722936e-05
"1044","100",5,0.0154130319390511
"1045","101",5,0.0148299792989226
"1046","102",5,7.68616252835615e-06
"1047","103",5,5.60109173525414e-06
"1048","104",5,6.69824173861761e-06
"1049","105",5,7.04695448275215e-06
"1050","106",5,5.48649145512278e-06
"1051","107",5,0.0554383959871269
"1052","108",5,0.0615973019519213
"1053","109",5,0.119700752970496
"1054","110",5,0.0114341623290561
"1055","111",5,0.0354191334328071
"1056","112",5,0.235821409612926
"1057","113",5,0.9984717752494
"1058","114",5,0.999954248643985
"1059","115",5,0.559980748048429
"1060","116",5,0.938872457137721
"1061","117",5,0.937246545737371
"1062","118",5,0.999981243523953
"1063","119",5,0.846754917006143
"1064","120",5,0.999977377759739
"1065","121",5,6.32996751794183e-06
"1066","122",5,3.20599824296921e-06
"1067","123",5,0.00317366181967602
"1068","124",5,0.0479596258710442
"1069","125",5,0.95871926318443
"1070","126",5,0.957031187258214
"1071","127",5,0.871952500274224
"1072","128",5,0.526692532544721
"1073","129",5,0.999876998176203
"1074","130",5,0.950967744299179
"1075","131",5,0.672544466496559
"1076","132",5,0.538769166728035
"1077","133",5,0.3495214339482
"1078","134",5,0.290221527121431
"1079","135",5,0.138593912663188
"1080","136",5,0.0153476475079418
"1081","137",5,0.0893855701665782
"1082","138",5,0.0896555059529578
"1083","139",5,0.0365942863569755
"1084","140",5,0.0109261914535856
"1085","141",5,7.82962324623971e-06
"1086","142",5,1.85154610778092e-05
"1087","143",5,1.44637777128852e-05
"1088","144",5,2.01536434400992e-05
"1089","145",5,0.585026722723156
"1090","146",5,0.568831150448752
"1091","147",5,0.720559405965248
"1092","148",5,0.523403997904903
"1093","149",5,0.667566430951079
"1094","150",5,0.382990925397586
"1095","151",5,0.645048945973051
"1096","152",5,0.574424964515226
"1097","153",5,0.566299800553983
"1098","154",5,0.402558052254099
"1099","155",5,0.623516253561691
"1100","156",5,0.527553167539697
"1101","157",5,0.484210482756855
"1102","158",5,2.92875274715183e-06
"1103","159",5,0.146341132778412
"1104","160",5,0.149493953511276
"1105","161",5,0.181834036306822
"1106","162",5,0.185750898030319
"1107","163",5,0.154485886192935
"1108","164",5,0.142656459460573
"1109","165",5,0.288354840691006
"1110","166",5,0.222155761438706
"1111","167",5,0.0323685318637515
"1112","168",5,0.0237236020153128
"1113","169",5,8.62447201708238e-05
"1114","170",5,0.0319728616751956
"1115","171",5,0.228117271561978
"1116","172",5,0.141716260789641
"1117","173",5,0.158074756892363
"1118","174",5,0.217563193373225
"1119","175",5,0.0940592517018021
"1120","176",5,1.21042870654873e-05
"1121","177",5,0.0546364109015149
"1122","178",5,0.0756910833727304
"1123","179",5,0.0355419914963583
"1124","180",5,0.0887084219861193
"1125","181",5,0.150015892184342
"1126","182",5,0.0723667032846015
"1127","183",5,1.75709726440192e-05
"1128","184",5,2.26294493273402e-05
"1129","185",5,2.00867593719356e-05
"1130","186",5,1.97865725480139e-05
"1131","187",5,2.25331668188819e-05
"1132","188",5,4.71109575361142e-06
"1133","189",5,1.75782627366749e-05
"1134","190",5,3.49824064234325e-06
"1135","191",5,1.95944036415197e-05
"1136","192",5,1.62127670552391e-05
"1137","193",5,1.79430412815725e-05
"1138","194",5,1.8547883847961e-05
"1139","195",5,6.11702667252414e-06
"1140","196",5,2.49627200947583e-05
"1141","197",5,3.53324856335446e-06
"1142","198",5,2.40966758585259e-05
"1143","199",5,2.27696581736713e-06
"1144","200",5,1.8645837062889e-05
"1145","201",5,2.2376419659016e-06
"1146","202",5,1.58845308410899e-05
"1147","203",5,1.48490385501304e-05
"1148","204",5,1.62065653752864e-05
"1149","205",5,1.84108655090473e-05
"1150","206",5,2.28122146894431e-05
"1151","207",5,2.2249173218824e-05
"1152","208",5,1.67977048436302e-05
"1153","209",5,1.72070298804976e-05
"1154","210",5,2.21213881430189e-05
"1155","211",5,2.1139075852767e-05
"1156","212",5,1.67445949082332e-05
"1157","213",5,1.25674538666134e-05
"1158","214",5,1.12493951259301e-05
"1159","215",5,9.61107952067331e-06
"1160","216",5,1.32059615540395e-05
"1161","217",5,1.20355176723969e-05
"1162","218",5,1.10527712052303e-05
"1163","219",5,1.07199789039253e-05
"1164","220",5,8.94737217327896e-06
"1165","221",5,1.82995377266581e-05
"1166","222",5,2.03569951065543e-05
"1167","223",5,0.0220401707652509
"1168","224",5,1.51897527334474e-05
"1169","225",5,1.58015907634976e-05
"1170","226",5,1.51246829392279e-05
"1171","227",5,1.48282507070429e-05
"1172","228",5,1.3880915166085e-05
"1173","229",5,1.41026953085357e-05
"1174","230",5,1.14038177093295e-05
"1175","231",5,1.2008228214538e-05
"1176","232",5,1.1315492853424e-05
"1177","233",5,1.15656952328696e-05
"1178","234",5,1.12404415818689e-05
"1179","235",5,1.19136819953242e-05
"1180","236",5,1.36660024891077e-05
"1181","1",6,8.4693104066198e-05
"1182","2",6,6.81976575077981e-05
"1183","3",6,3.96239560237307e-05
"1184","4",6,0.0549874457760726
"1185","5",6,4.73781183675638e-05
"1186","6",6,0.0142136170404569
"1187","7",6,4.50123689807687e-05
"1188","8",6,3.13546344384148e-05
"1189","9",6,0.0141277300577966
"1190","10",6,4.12038982060475e-05
"1191","11",6,6.08514551466261e-05
"1192","12",6,6.69053299098589e-05
"1193","13",6,2.84683097135477e-05
"1194","14",6,4.15269855148484e-05
"1195","15",6,4.04563489859254e-05
"1196","16",6,4.53011398973233e-05
"1197","17",6,3.22128463602903e-05
"1198","18",6,3.21639372759953e-05
"1199","19",6,3.87186829245492e-05
"1200","20",6,3.51528179201174e-05
"1201","21",6,5.22254076457502e-05
"1202","22",6,0.0137972014749748
"1203","23",6,3.96239560260108e-05
"1204","24",6,0.0123470917237779
"1205","25",6,0.290259199674317
"1206","26",6,0.294626568436669
"1207","27",6,0.0240343018983994
"1208","28",6,2.73474046466406e-05
"1209","29",6,2.12877739747038e-05
"1210","30",6,2.13413887042167e-05
"1211","31",6,2.06245563775319e-05
"1212","32",6,2.71720169212394e-05
"1213","33",6,1.67181656832321e-05
"1214","34",6,2.00108619769856e-05
"1215","35",6,1.49697089443055e-05
"1216","36",6,1.1382371908284e-05
"1217","37",6,0.00199814015524612
"1218","38",6,0.0232382699482718
"1219","39",6,0.0194516704313913
"1220","40",6,0.0086147784795442
"1221","41",6,0.0566191018900031
"1222","42",6,0.00376804761316019
"1223","43",6,1.30313039303143e-05
"1224","44",6,0.00915064962098687
"1225","45",6,0.0707029381805576
"1226","46",6,0.0316568658920732
"1227","47",6,0.0493553638642999
"1228","48",6,0.229824655087725
"1229","49",6,0.238488794861321
"1230","50",6,0.246053924263657
"1231","51",6,0.270322607214536
"1232","52",6,0.180795039942689
"1233","53",6,0.21748454869661
"1234","54",6,0.32866438329112
"1235","55",6,0.284224198093893
"1236","56",6,0.299323868952091
"1237","57",6,0.355186671914259
"1238","58",6,0.637649354325448
"1239","59",6,0.6420029721488
"1240","60",6,0.240848701911676
"1241","61",6,0.250372849093952
"1242","62",6,0.216876107798798
"1243","63",6,0.428501131980019
"1244","64",6,0.467795878957297
"1245","65",6,0.291599014572376
"1246","66",6,0.361220681618284
"1247","67",6,0.193356792703179
"1248","68",6,0.124096730062464
"1249","69",6,0.27286853558914
"1250","70",6,0.360544015027689
"1251","71",6,0.368396197066561
"1252","72",6,0.139608059237732
"1253","73",6,0.374736977643691
"1254","74",6,0.429778382011087
"1255","75",6,0.704368440998028
"1256","76",6,0.70887723705127
"1257","77",6,0.168825459735431
"1258","78",6,0.545797331268973
"1259","79",6,0.522918917370155
"1260","80",6,0.851844736749666
"1261","81",6,0.723437390364372
"1262","82",6,0.514680091472264
"1263","83",6,0.733769960414527
"1264","84",6,0.85661382134123
"1265","85",6,0.83486304149489
"1266","86",6,0.848858195532705
"1267","87",6,0.822299318521373
"1268","88",6,0.885217160380119
"1269","89",6,0.727085866776923
"1270","90",6,0.834104501619329
"1271","91",6,0.724427284493842
"1272","92",6,0.702267229801942
"1273","93",6,0.739784533660894
"1274","94",6,0.741861971002743
"1275","95",6,0.721381302720555
"1276","96",6,0.626335046321631
"1277","97",6,0.746518786953375
"1278","98",6,0.680893550064702
"1279","99",6,0.432448224469815
"1280","100",6,0.689399837550318
"1281","101",6,0.56301222025193
"1282","102",6,0.419093089628284
"1283","103",6,0.552847165929797
"1284","104",6,0.266878028827736
"1285","105",6,0.577951820212569
"1286","106",6,0.654618907071127
"1287","107",6,0.779884779280346
"1288","108",6,0.622499880137623
"1289","109",6,0.723363480800515
"1290","110",6,0.772834487488433
"1291","111",6,0.40755036606313
"1292","112",6,0.460750737447893
"1293","113",6,0.00151014626423892
"1294","114",6,9.15027120355658e-06
"1295","115",6,0.31616750670806
"1296","116",6,0.0102577631376062
"1297","117",6,3.55042145166888e-06
"1298","118",6,3.7512952099426e-06
"1299","119",6,3.23093574433336e-06
"1300","120",6,4.52444805265131e-06
"1301","121",6,0.033096703665395
"1302","122",6,0.0379443162884019
"1303","123",6,0.0271724583622215
"1304","124",6,0.0185179221010199
"1305","125",6,2.64593101563793e-05
"1306","126",6,2.11601911271128e-05
"1307","127",6,1.16259951476203e-05
"1308","128",6,4.24421769308706e-05
"1309","129",6,2.46003647580054e-05
"1310","130",6,1.72560876148297e-05
"1311","131",6,1.82837435713887e-05
"1312","132",6,0.0467881788398268
"1313","133",6,1.54163619960717e-05
"1314","134",6,1.44934647183035e-05
"1315","135",6,1.28145263696409e-05
"1316","136",6,1.2556280327707e-05
"1317","137",6,8.16615378566775e-06
"1318","138",6,8.57609344681315e-06
"1319","139",6,9.83873215450884e-06
"1320","140",6,1.04425504458163e-05
"1321","141",6,7.82962324692862e-06
"1322","142",6,1.85154610781524e-05
"1323","143",6,1.44637777124149e-05
"1324","144",6,2.01536434388247e-05
"1325","145",6,3.81263633645335e-05
"1326","146",6,2.40419807380338e-05
"1327","147",6,2.36395493098474e-05
"1328","148",6,3.09650659044096e-05
"1329","149",6,1.84509544192228e-05
"1330","150",6,2.23902695235089e-05
"1331","151",6,2.72419013573402e-05
"1332","152",6,2.64098305078431e-05
"1333","153",6,2.56115907199205e-05
"1334","154",6,1.96489270917433e-05
"1335","155",6,2.33015172138669e-05
"1336","156",6,2.81467950706743e-05
"1337","157",6,1.03938762344063e-05
"1338","158",6,2.92875274679812e-06
"1339","159",6,1.36483931062197e-05
"1340","160",6,1.62376213089743e-05
"1341","161",6,2.4331933573636e-05
"1342","162",6,1.68377589162191e-05
"1343","163",6,2.18026450417466e-05
"1344","164",6,1.62189734812653e-05
"1345","165",6,1.15941801873666e-05
"1346","166",6,8.92287562664814e-06
"1347","167",6,1.30917038675052e-05
"1348","168",6,1.04890852502683e-05
"1349","169",6,8.62447201613435e-05
"1350","170",6,9.47777906314959e-06
"1351","171",6,1.95311741563264e-05
"1352","172",6,1.63820252458548e-05
"1353","173",6,1.61386587249082e-05
"1354","174",6,1.41924535659767e-05
"1355","175",6,0.00733727013804436
"1356","176",6,1.21042870646268e-05
"1357","177",6,1.2560002632637e-05
"1358","178",6,1.54500927023247e-05
"1359","179",6,0.0041976855458527
"1360","180",6,1.9504200553161e-05
"1361","181",6,1.57663095672434e-05
"1362","182",6,1.21703498811752e-05
"1363","183",6,0.0100788975414472
"1364","184",6,0.0145160692892594
"1365","185",6,2.00867593709422e-05
"1366","186",6,1.97865725483014e-05
"1367","187",6,2.25331668179034e-05
"1368","188",6,4.71109575481143e-06
"1369","189",6,1.75782627349017e-05
"1370","190",6,3.49824064314403e-06
"1371","191",6,1.95944036417659e-05
"1372","192",6,1.62127670547413e-05
"1373","193",6,0.00252169929898748
"1374","194",6,1.85478838473179e-05
"1375","195",6,6.11702667298851e-06
"1376","196",6,2.49627200926225e-05
"1377","197",6,3.53324856389564e-06
"1378","198",6,2.40966758577596e-05
"1379","199",6,2.27696581703408e-06
"1380","200",6,1.86458370637885e-05
"1381","201",6,2.23764196465845e-06
"1382","202",6,1.5884530841295e-05
"1383","203",6,1.48490385490446e-05
"1384","204",6,1.62065653764178e-05
"1385","205",6,1.84108655085836e-05
"1386","206",6,2.28122146896817e-05
"1387","207",6,2.22491732202141e-05
"1388","208",6,1.67977048459259e-05
"1389","209",6,1.72070298791468e-05
"1390","210",6,2.21213881426604e-05
"1391","211",6,2.11390758513814e-05
"1392","212",6,1.67445949082433e-05
"1393","213",6,1.25674538654864e-05
"1394","214",6,1.12493951248749e-05
"1395","215",6,9.61107951908286e-06
"1396","216",6,1.32059615534e-05
"1397","217",6,1.20355176718221e-05
"1398","218",6,1.10527712047577e-05
"1399","219",6,1.07199789044737e-05
"1400","220",6,8.9473721722881e-06
"1401","221",6,1.82995377267483e-05
"1402","222",6,2.03569951058976e-05
"1403","223",6,1.49380410297826e-05
"1404","224",6,1.51897527341861e-05
"1405","225",6,1.58015907647832e-05
"1406","226",6,1.51246829390365e-05
"1407","227",6,1.48282507074951e-05
"1408","228",6,1.38809151662074e-05
"1409","229",6,1.41026953083674e-05
"1410","230",6,1.14038177082735e-05
"1411","231",6,1.20082282135231e-05
"1412","232",6,1.1315492851857e-05
"1413","233",6,1.15656952309864e-05
"1414","234",6,1.12404415806995e-05
"1415","235",6,1.19136819940827e-05
"1416","236",6,1.36660024892267e-05
